iteration,normalized_residual,solution_change,Cd,Cl
1,1,0.0322471140342,1.2982542561e-06,6.36603982996e-06
50,0.248508567101,0.00648672503443,0.0171488815372,0.0845307863839
100,0.17597831842,0.00484146292748,0.0265957158683,0.13082230729
150,0.152367690568,0.00413630919927,0.0268732738529,0.134555290511
200,0.138302338888,0.00381384691134,0.0262536565968,0.133635244549
250,0.129978775208,0.00358286161234,0.02711863613,0.134586015831
300,0.123530482272,0.00340166458291,0.0288635738841,0.138030939068
350,0.117463446555,0.00323584897272,0.0304112202418,0.142086585977
400,0.11067833539,0.0031123196358,0.0312902233774,0.144494131611
450,0.104195298969,0.00297473771159,0.0316813195014,0.144429570018
500,0.0990319614669,0.00284364767883,0.0318278294385,0.14378619623
550,0.111808365209,0.0033330259679,0.0318715934408,0.143524524434
600,0.134586933548,0.00393097508864,0.031879146995,0.143630100425
650,0.168014388824,0.00486312811178,0.031872660816,0.144035261472
700,0.210954226769,0.00614579658156,0.0318585630754,0.144666331884
750,0.23331871671,0.00662016458886,0.0318388918889,0.145443824762
800,0.272656533341,0.00752277319867,0.0318144249916,0.146314456756
850,0.276902591296,0.0078807623703,0.0317856212985,0.147261719918
900,0.260070834207,0.00767746976414,0.0317540708437,0.148296504882
950,0.239573170588,0.00697097113378,0.0317229018829,0.149434029999
1000,0.239409985853,0.00690548879328,0.0316951482326,0.150667366366
1050,0.260997114873,0.00732182201225,0.0316719723428,0.151951844109
1100,0.228933324774,0.00702761309026,0.0316529862858,0.153205824106
1150,0.246736225931,0.00711059220612,0.0316376484398,0.154329974857
1200,0.21887048036,0.00669794530175,0.0316258281817,0.155240325321
1250,0.231061878623,0.00671026586315,0.0316174663728,0.155897750569
1300,0.251633680273,0.00684078031858,0.0316121636181,0.156318019964
1350,0.237054851489,0.00703846598065,0.0316091701724,0.15655591426
1400,0.220291962793,0.00664346595872,0.031607654072,0.156676428888
1450,0.218666764139,0.00603262378128,0.0316069491848,0.156732388258
1500,0.197886713508,0.00604408096298,0.0316066367881,0.156757132152
1550,0.195024860508,0.00601193172428,0.0316064985151,0.156768055847
1600,0.193611107787,0.00597568167926,0.0316064348985,0.156773071525
1650,0.177143222635,0.00537852969958,0.0316064039941,0.156775506143
1700,0.18420142934,0.00544006140168,0.0316063882886,0.156776743807
1750,0.184929897714,0.00556570427701,0.0316063800936,0.156777390249
1800,0.172493694485,0.00510969165312,0.0316063757694,0.156777731777
1850,0.169208248036,0.00507472919425,0.0316063734801,0.156777912818
1900,0.168887750304,0.00504264437275,0.0316063722703,0.156778008618
1950,0.177322501824,0.00541050411144,0.0316063716327,0.156778059155
2000,0.1753987547,0.0054276287943,0.0316063712977,0.156778085745
2050,0.161578172003,0.00505753675655,0.0316063711221,0.156778099697
2100,0.149165136853,0.00485266408668,0.0316063710302,0.156778107
2150,0.15157091769,0.00479553784176,0.0316063709823,0.156778110813
2200,0.162502160553,0.00495634664661,0.0316063709574,0.156778112799
2250,0.150801275378,0.00482671519359,0.0316063709444,0.156778113832
2300,0.14006186376,0.00473054471137,0.0316063709377,0.156778114368
2350,0.150587436396,0.00478454462432,0.0316063709342,0.156778114645
2400,0.162034323923,0.00506952466607,0.0316063709324,0.156778114789
2450,0.138702717851,0.00442429618406,0.0316063709315,0.156778114863
2500,0.120630551882,0.00437579342275,0.031606370931,0.156778114901
2550,0.127902816109,0.0042993519037,0.0316063709308,0.15677811492
2600,0.112938343802,0.00427683917286,0.0316063709306,0.15677811493
2650,0.101241754634,0.00417419113087,0.0316063709306,0.156778114936
2700,0.10897781723,0.00405215387714,0.0316063709305,0.156778114938
2750,0.10775292457,0.00394777632643,0.0316063709305,0.15677811494
2800,0.0934794093745,0.00368234683416,0.0316063709305,0.15677811494
2850,0.0989603082927,0.00340858122713,0.0316063709305,0.156778114941
2900,0.0817557064815,0.00298905655843,0.0316063709305,0.156778114941
2950,0.0875640891948,0.00311515436111,0.0316063709305,0.156778114941
3000,0.0785733449874,0.0026073278263,0.0316063709305,0.156778114941
3050,0.0701567574444,0.00248123727809,0.0316063709305,0.156778114941
3100,0.0709704383421,0.00250527146077,0.0316063709305,0.156778114941
3150,0.0645001713043,0.00230164386675,0.0316063709305,0.156778114941
3200,0.0653698055862,0.00227818794585,0.0316063709305,0.156778114941
3250,0.0547025569613,0.00204892409823,0.0316063709305,0.156778114941
3300,0.0618783066455,0.00227824294278,0.0316063709305,0.156778114941
3350,0.0425406302797,0.00157780769566,0.0316063709305,0.156778114941
3400,0.0426848112149,0.00152351356786,0.0316063709305,0.156778114941
3450,0.0363361211942,0.00128778906557,0.0316063709305,0.156778114941
3500,0.0357206425079,0.00128962943238,0.0316063709305,0.156778114941
3550,0.0401130052494,0.00114020886706,0.0316063709305,0.156778114941
3600,0.0297216467279,0.000870234372608,0.0316063709305,0.156778114941
3650,0.0361497911896,0.000812023455103,0.0316063709305,0.156778114941
3700,0.0484536264895,0.000915342066352,0.0316063709305,0.156778114941
3750,0.0334430868311,0.000647276668691,0.0316063709305,0.156778114941
3800,0.0419057991806,0.00138009340615,0.0316063709305,0.156778114941
3850,0.0224399124226,0.000638606077177,0.0316063709305,0.156778114941
3900,0.0462688844105,0.000954995939405,0.0316063709305,0.156778114941
3950,0.025817264663,0.000606749494494,0.0316063709305,0.156778114941
4000,0.0352053812249,0.000789577011943,0.0316063709305,0.156778114941
4050,0.0563267535302,0.00132095349428,0.0316063709305,0.156778114941
4100,0.0328829864824,0.000728570506789,0.0316063709305,0.156778114941
4150,0.0838404624257,0.00252403439427,0.0316063709305,0.156778114941
4200,0.0331706645958,0.00109771102447,0.0316063709305,0.156778114941
4250,0.039908699295,0.000740633021575,0.0316063709305,0.156778114941
4300,0.0246444461742,0.000524663293106,0.0316063709305,0.156778114941
4350,0.0335734287716,0.000781609406668,0.0316063709305,0.156778114941
4400,0.0584827237643,0.00176348449228,0.0316063709305,0.156778114941
4450,0.0306818544085,0.000931609474823,0.0316063709305,0.156778114941
4500,0.0892377855214,0.0027057053014,0.0316063709305,0.156778114941
4550,0.0364469389615,0.00120802553077,0.0316063709305,0.156778114941
4600,0.0329841817602,0.000710550564391,0.0316063709305,0.156778114941
4650,0.0235352935335,0.00051481722142,0.0316063709305,0.156778114941
4700,0.0311628861631,0.000703540089194,0.0316063709305,0.156778114941
4750,0.0548415659258,0.00177665875208,0.0316063709305,0.156778114941
4800,0.0353767307214,0.000859453421345,0.0316063709305,0.156778114941
4850,0.0893482665121,0.00270977866585,0.0316063709305,0.156778114941
4900,0.0365578551863,0.00121169449117,0.0316063709305,0.156778114941
4950,0.0496051658916,0.000710439592355,0.0316063709305,0.156778114941
5000,0.0271799742212,0.000777691962197,0.0316063709305,0.156778114941
5050,0.0292954339574,0.000662395107689,0.0316063709305,0.156778114941
5100,0.0549816040431,0.00178002829235,0.0316063709305,0.156778114941
5150,0.0396318399861,0.000931801753917,0.0316063709305,0.156778114941
5200,0.0893549621542,0.0027092430147,0.0316063709305,0.156778114941
5250,0.0366204947245,0.00121360157616,0.0316063709305,0.156778114941
5300,0.0391358919423,0.000747435413296,0.0316063709305,0.156778114941
5350,0.0339440277607,0.00051414017742,0.0316063709305,0.156778114941
5400,0.0244501022981,0.000592318461343,0.0316063709305,0.156778114941
5450,0.0548328938297,0.00177693927056,0.0316063709305,0.156778114941
5500,0.0400867569749,0.00096844899477,0.0316063709305,0.156778114941
5550,0.0892834033249,0.00270690159885,0.0316063709305,0.156778114941
5600,0.0366114694591,0.00121345966202,0.0316063709305,0.156778114941
5650,0.0484501936008,0.000915153638484,0.0316063709305,0.156778114941
5700,0.0334464158563,0.000637126677725,0.0316063709305,0.156778114941
5750,0.0216446374628,0.000420646685524,0.0316063709305,0.156778114941
5800,0.0548811224147,0.00177807667988,0.0316063709305,0.156778114941
5850,0.0462732399651,0.000954734726793,0.0316063709305,0.156778114941
5900,0.0893155483187,0.00270820843671,0.0316063709305,0.156778114941
5950,0.0366594665796,0.0012152399036,0.0316063709305,0.156778114941
6000,0.0563284482127,0.00102895574344,0.0316063709305,0.156778114941
6050,0.032851828294,0.000767962629034,0.0316063709305,0.156778114941
6100,0.0224934265379,0.000469700463002,0.0316063709305,0.156778114941
6150,0.0549064847088,0.00177870320498,0.0316063709305,0.156778114941
6200,0.0399056397572,0.000740386232318,0.0316063709305,0.156778114941
6250,0.0893370470362,0.00270892851056,0.0316063709305,0.156778114941
6300,0.0366880120458,0.00121544892465,0.0316063709305,0.156778114941
6350,0.0584845586528,0.0010924162625,0.0316063709305,0.156778114941
6400,0.0306908319466,0.000790232129692,0.0316063709305,0.156778114941
6450,0.0251888792801,0.00053164201911,0.0316063709305,0.156778114941
6500,0.0548313384934,0.00177691313126,0.0316063709305,0.156778114941
6550,0.0329900773272,0.00064681521462,0.0316063709305,0.156778114941
6600,0.0893501079704,0.00270951530862,0.0316063709305,0.156778114941
6650,0.0364546959252,0.0012083763271,0.0316063709305,0.156778114941
6700,0.0544754439037,0.00105913662528,0.0316063709305,0.156778114941
6750,0.0353507940374,0.00085834323262,0.0316063709305,0.156778114941
6800,0.0248051876628,0.000549558882009,0.0316063709305,0.156778114941
6850,0.0549671449816,0.00178107327064,0.0316063709305,0.156778114941
6900,0.0495973654488,0.000648289214036,0.0316063709305,0.156778114941
6950,0.0893032124139,0.00270751617154,0.0316063709305,0.156778114941
7000,0.0365229179046,0.00121034764565,0.0316063709305,0.156778114941
7050,0.0484907809651,0.000961106729084,0.0316063709305,0.156778114941
7100,0.0396622441167,0.000933150095703,0.0316063709305,0.156778114941
7150,0.0231878174141,0.000506109087335,0.0316063709305,0.156778114941
7200,0.0549698027693,0.00178062802854,0.0316063709305,0.156778114941
7250,0.0391440053156,0.000747605516094,0.0316063709305,0.156778114941
7300,0.0893406022844,0.00270930947133,0.0316063709305,0.156778114941
7350,0.0365719542946,0.00121189753879,0.0316063709305,0.156778114941
7400,0.0309903490955,0.000710865390431,0.0316063709305,0.156778114941
7450,0.0400778657976,0.000967779250006,0.0316063709305,0.156778114941
7500,0.0297034825302,0.000591073890382,0.0316063709305,0.156778114941
7550,0.0548222008095,0.00177660522294,0.0316063709305,0.156778114941
7600,0.0484466965757,0.000914941270726,0.0316063709305,0.156778114941
7650,0.0893400577164,0.00270906719581,0.0316063709305,0.156778114941
7700,0.0364757614284,0.00120866181758,0.0316063709305,0.156778114941
7750,0.0310321128837,0.00071210243689,0.0316063709305,0.156778114941
7800,0.0462784835686,0.000954025092739,0.0316063709305,0.156778114941
7850,0.0258684802705,0.00055080615359,0.0316063709305,0.156778114941
7900,0.0549617342559,0.00178085335411,0.0316063709305,0.156778114941
7950,0.0563287584273,0.00102904072671,0.0316063709305,0.156778114941
8000,0.0892989290252,0.00270746502901,0.0316063709305,0.156778114941
8050,0.0365497410361,0.00121133029621,0.0316063709305,0.156778114941
8100,0.0310330997419,0.000711713915224,0.0316063709305,0.156778114941
8150,0.0399030883634,0.000740155507579,0.0316063709305,0.156778114941
8200,0.0251578722886,0.000503677536908,0.0316063709305,0.156778114941
8250,0.0548423028348,0.00177684620343,0.0316063709305,0.156778114941
8300,0.0584893153943,0.00109258820317,0.0316063709305,0.156778114941
8350,0.0893494537874,0.00270976823717,0.0316063709305,0.156778114941
8400,0.0366090369171,0.00121343498938,0.0316063709305,0.156778114941
8450,0.0309141947433,0.000708791156748,0.0316063709305,0.156778114941
8500,0.0329953848107,0.000579070601212,0.0316063709305,0.156778114941
8550,0.0235260683524,0.000593519680144,0.0316063709305,0.156778114941
8600,0.0548323154442,0.00177592839012,0.0316063709305,0.156778114941
8650,0.0544678711333,0.00105875242554,0.0316063709305,0.156778114941
8700,0.0893074032999,0.0027078733419,0.0316063709305,0.156778114941
8750,0.036596322256,0.00121299764787,0.0316063709305,0.156778114941
8800,0.0321289907592,0.000712299131516,0.0316063709305,0.156778114941
8850,0.0495900520634,0.000647906650032,0.0316063709305,0.156778114941
8900,0.027179793843,0.000544198790236,0.0316063709305,0.156778114941
8950,0.0548871838166,0.00177880050139,0.0316063709305,0.156778114941
9000,0.0484987587979,0.000961523520351,0.0316063709305,0.156778114941
9050,0.0893327684875,0.00270901707255,0.0316063709305,0.156778114941
9100,0.0365429595307,0.00121129649906,0.0316063709305,0.156778114941
9150,0.0358317523474,0.000787989426883,0.0316063709305,0.156778114941
9200,0.0391489504278,0.000747816609416,0.0316063709305,0.156778114941
9250,0.0261441835636,0.000693899231767,0.0316063709305,0.156778114941
9300,0.0549319259541,0.00177934208809,0.0316063709305,0.156778114941
9350,0.0247002142567,0.000642966515123,0.0316063709305,0.156778114941
9400,0.0893121698137,0.00270829218543,0.0316063709305,0.156778114941
9450,0.0367059042133,0.00121647290463,0.0316063709305,0.156778114941
9500,0.0361632577272,0.000812628044263,0.0316063709305,0.156778114941
9550,0.0484450063167,0.000914779646196,0.0316063709305,0.156778114941
9600,0.0334755273053,0.000971383329347,0.0316063709305,0.156778114941
9650,0.054821966046,0.00177560826115,0.0316063709305,0.156778114941
9700,0.0338919102772,0.000644065637716,0.0316063709305,0.156778114941
9750,0.0893403414379,0.00270941372408,0.0316063709305,0.156778114941
9800,0.0364595929801,0.00120836143031,0.0316063709305,0.156778114941
9850,0.035191877765,0.000905415640923,0.0316063709305,0.156778114941
9900,0.0563284310034,0.00102905820111,0.0316063709305,0.156778114941
9950,0.0327699705203,0.0010522557707,0.0316063709305,0.156778114941
10000,0.0549379619644,0.00178001173268,0.0316063709305,0.156778114941
10050,0.0248071718136,0.0006456304015,0.0316063709305,0.156778114941
10100,0.089304949383,0.00270745293189,0.0316063709305,0.156778114941
10150,0.0365624533556,0.00121150890842,0.0316063709305,0.156778114941
10200,0.0335829965545,0.000753842941149,0.0316063709305,0.156778114941
10250,0.0584946220562,0.00109283496752,0.0316063709305,0.156778114941
10300,0.0307253324572,0.000791698709874,0.0316063709305,0.156778114941
10350,0.0549929739621,0.00178153874972,0.0316063709305,0.156778114941
10400,0.0301855369197,0.000641072326821,0.0316063709305,0.156778114941
10450,0.089294431561,0.00270737693703,0.0316063709305,0.156778114941
10500,0.0365287540623,0.00121107709972,0.0316063709305,0.156778114941
10550,0.0311631118963,0.000710417807624,0.0316063709305,0.156778114941
10600,0.0544593216229,0.00105831405124,0.0316063709305,0.156778114941
10650,0.0352936278945,0.000855848617283,0.0316063709305,0.156778114941
10700,0.0548616294861,0.00177685739498,0.0316063709305,0.156778114941
10750,0.032138008811,0.000663979998625,0.0316063709305,0.156778114941
10800,0.089297301802,0.00270725842257,0.0316063709305,0.156778114941
10850,0.0365465251845,0.00121117857788,0.0316063709305,0.156778114941
10900,0.0308961839765,0.000708457201225,0.0316063709305,0.156778114941
10950,0.0485042395332,0.000961859287419,0.0316063709305,0.156778114941
11000,0.0397076922374,0.000935402084737,0.0316063709305,0.156778114941
11050,0.054863897481,0.00177734049293,0.0316063709305,0.156778114941
11100,0.0358271049926,0.000787821913708,0.0316063709305,0.156778114941
11150,0.0892613991553,0.00270566829029,0.0316063709305,0.156778114941
11200,0.0365522374961,0.00121143986187,0.0316063709305,0.156778114941
11250,0.0310021878898,0.000711341162047,0.0316063709305,0.156778114941
11300,0.0181540573546,0.000564069708893,0.0316063709305,0.156778114941
11350,0.0400940133571,0.000968002060014,0.0316063709305,0.156778114941
11400,0.0548832162616,0.00177855304553,0.0316063709305,0.156778114941
11450,0.0361676850452,0.000812882499113,0.0316063709305,0.156778114941
11500,0.0893206613986,0.00270857132295,0.0316063709305,0.156778114941
11550,0.036585775083,0.00121273450852,0.0316063709305,0.156778114941
11600,0.0309506403532,0.00070960897541,0.0316063709305,0.156778114941
11650,0.0185915725621,0.000738726239534,0.0316063709305,0.156778114941
11700,0.0462876983651,0.000951138274904,0.0316063709305,0.156778114941
11750,0.0549010991095,0.00177815671268,0.0316063709305,0.156778114941
11800,0.0351889230299,0.000788643454814,0.0316063709305,0.156778114941
11850,0.0893354767561,0.00270913190066,0.0316063709305,0.156778114941
11900,0.0365995353291,0.00121292098195,0.0316063709305,0.156778114941
11950,0.0309582564786,0.000710393735591,0.0316063709305,0.156778114941
12000,0.0248078028511,0.000671376387175,0.0316063709305,0.156778114941
12050,0.0398985053077,0.000739827936613,0.0316063709305,0.156778114941
12100,0.0548960815586,0.00177825776131,0.0316063709305,0.156778114941
12150,0.0335835036511,0.00075390164076,0.0316063709305,0.156778114941
12200,0.0892984436582,0.00270699850159,0.0316063709305,0.156778114941
12250,0.0365657309106,0.00121200032399,0.0316063709305,0.156778114941
12300,0.0310004483137,0.000829248325171,0.0316063709305,0.156778114941
12350,0.0301801985242,0.000525743222521,0.0316063709305,0.156778114941
12400,0.0330075768154,0.000578995001171,0.0316063709305,0.156778114941
12450,0.0549464635817,0.0017802785969,0.0316063709305,0.156778114941
12500,0.0311660458887,0.000703550265253,0.0316063709305,0.156778114941
12550,0.0893093661022,0.00270793008769,0.0316063709305,0.156778114941
12600,0.0364918884361,0.00120975114184,0.0316063709305,0.156778114941
12650,0.0310313193551,0.000710644051867,0.0316063709305,0.156778114941
12700,0.0321445973691,0.000685606367965,0.0316063709305,0.156778114941
12750,0.0495807228494,0.000647355536996,0.0316063709305,0.156778114941
12800,0.0549666004956,0.00178058339865,0.0316063709305,0.156778114941
12850,0.0292802191632,0.000661727877392,0.0316063709305,0.156778114941
12900,0.0893180500147,0.00270818884588,0.0316063709305,0.156778114941
12950,0.0397152319005,0.00121155716511,0.0316063709305,0.156778114941
13000,0.0309789039359,0.000709913695768,0.0316063709305,0.156778114941
13050,0.0358227003714,0.000787609611138,0.0316063709305,0.156778114941
13100,0.0391484488553,0.00074822260895,0.0316063709305,0.156778114941
13150,0.0549285433264,0.00177972199648,0.0316063709305,0.156778114941
13200,0.0246812972182,0.000642697900879,0.0316063709305,0.156778114941
13250,0.0893268926554,0.00270815607463,0.0316063709305,0.156778114941
13300,0.0401203789792,0.00120976570473,0.0316063709305,0.156778114941
13350,0.0310260269678,0.000711921364884,0.0316063709305,0.156778114941
13400,0.0361715526523,0.000813107768982,0.0316063709305,0.156778114941
13450,0.048446292791,0.000914664430215,0.0316063709305,0.156778114941
13500,0.0548504951263,0.00177750825762,0.0316063709305,0.156778114941
13550,0.0247719371186,0.000740592150142,0.0316063709305,0.156778114941
13600,0.089307781916,0.00270778615769,0.0316063709305,0.156778114941
13650,0.046291222836,0.0012136912802,0.0316063709305,0.156778114941
13700,0.0310484459307,0.000711134396906,0.0316063709305,0.156778114941
13750,0.0351873687082,0.000788525625716,0.0316063709305,0.156778114941
13800,0.0563196055672,0.00102878466743,0.0316063709305,0.156778114941
13850,0.0548353064193,0.00177647095958,0.0316063709305,0.156778114941
13900,0.0247893562921,0.00064524297169,0.0316063709305,0.156778114941
13950,0.0893373346897,0.002709194032,0.0316063709305,0.156778114941
14000,0.0398984615977,0.00121221150364,0.0316063709305,0.156778114941
14050,0.0309396057979,0.000739497525182,0.0316063709305,0.156778114941
14100,0.0335811218893,0.000753838554482,0.0316063709305,0.156778114941
14150,0.0585108476832,0.00109356445524,0.0316063709305,0.156778114941
14200,0.0549280750142,0.00177954695363,0.0316063709305,0.156778114941
14250,0.0297315570651,0.000643324178843,0.0316063709305,0.156778114941
14300,0.0893195438494,0.00270810073966,0.0316063709305,0.156778114941
14350,0.0365421165018,0.00121109205654,0.0316063709305,0.156778114941
14400,0.0309726878125,0.000710608967599,0.0316063709305,0.156778114941
14450,0.0311708528781,0.000703775211204,0.0316063709305,0.156778114941
14500,0.0544441786806,0.00105749124288,0.0316063709305,0.156778114941
14550,0.0548364339298,0.00177647596012,0.0316063709305,0.156778114941
14600,0.0248513394488,0.000648513967118,0.0316063709305,0.156778114941
14650,0.0892816283773,0.00270631238797,0.0316063709305,0.156778114941
14700,0.0495791395735,0.00120908314687,0.0316063709305,0.156778114941
14750,0.0310510945007,0.000711695408459,0.0316063709305,0.156778114941
14800,0.0292750915446,0.000661435295548,0.0316063709305,0.156778114941
14850,0.0485104113549,0.000962252757194,0.0316063709305,0.156778114941
14900,0.0550052349742,0.00178142381604,0.0316063709305,0.156778114941
14950,0.0247527863023,0.000644462148563,0.0316063709305,0.156778114941
15000,0.0893052962038,0.00270782512701,0.0316063709305,0.156778114941
15050,0.0391435708856,0.00121044784193,0.0316063709305,0.156778114941
15100,0.0309854208339,0.000710482608125,0.0316063709305,0.156778114941
15150,0.0244755173593,0.000593682821072,0.0316063709305,0.156778114941
15200,0.0223336939642,0.000396978450608,0.0316063709305,0.156778114941
15250,0.0549166058034,0.0017784245212,0.0316063709305,0.156778114941
15300,0.0296815091587,0.000646886506463,0.0316063709305,0.156778114941
15350,0.0893233672045,0.0027081428145,0.0316063709305,0.156778114941
15400,0.0484484762764,0.00121190062873,0.0316063709305,0.156778114941
15450,0.0335509933182,0.000803156434836,0.0316063709305,0.156778114941
15500,0.0216425215205,0.000956021879273,0.0316063709305,0.156778114941
15550,0.0185976749695,0.000448874209211,0.0316063709305,0.156778114941
15600,0.0549404920857,0.00178022644651,0.0316063709305,0.156778114941
15650,0.0258836704384,0.000768691717729,0.0316063709305,0.156778114941
15700,0.0893457476303,0.00270932906548,0.0316063709305,0.156778114941
15750,0.0563140318223,0.00120843902453,0.0316063709305,0.156778114941
15800,0.0326754722609,0.000727276915186,0.0316063709305,0.156778114941
15850,0.0224919950948,0.000514963881856,0.0316063709305,0.156778114941
15900,0.0248158992345,0.000431401005629,0.0316063709305,0.156778114941
15950,0.0549138226492,0.00177911614093,0.0316063709305,0.156778114941
16000,0.0248094880112,0.000699348934773,0.0316063709305,0.156778114941
16050,0.0892970081466,0.0027073062433,0.0316063709305,0.156778114941
16100,0.0585191156424,0.00121201461137,0.0316063709305,0.156778114941
16150,0.0310412691744,0.000794897802525,0.0316063709305,0.156778114941
16200,0.0251714247979,0.000530913831536,0.0316063709305,0.156778114941
16250,0.0301674859848,0.000525089741356,0.0316063709305,0.156778114941
16300,0.0549746288906,0.00178090923898,0.0316063709305,0.156778114941
16350,0.0246359474481,0.000841695415618,0.0316063709305,0.156778114941
16400,0.0893142940114,0.00270806986991,0.0316063709305,0.156778114941
16450,0.0544389800953,0.00121077003624,0.0316063709305,0.156778114941
16500,0.0352407301223,0.000853356846875,0.0316063709305,0.156778114941
16550,0.0248325040024,0.000550917532078,0.0316063709305,0.156778114941
16600,0.0321567303187,0.000676461969605,0.0316063709305,0.156778114941
16650,0.0549185764446,0.00177960669553,0.0316063709305,0.156778114941
16700,0.0273112054969,0.000646796696009,0.0316063709305,0.156778114941
16750,0.0893430778155,0.00270907420942,0.0316063709305,0.156778114941
16800,0.0485096075763,0.00120839026838,0.0316063709305,0.156778114941
16850,0.0396972931937,0.000935639481271,0.0316063709305,0.156778114941
16900,0.0232262707447,0.000516056709178,0.0316063709305,0.156778114941
16950,0.0358139794824,0.000787088467531,0.0316063709305,0.156778114941
17000,0.0549593404176,0.00178074686748,0.0316063709305,0.156778114941
17050,0.0259692734841,0.000807326423005,0.0316063709305,0.156778114941
17100,0.0893426995946,0.00270941669928,0.0316063709305,0.156778114941
17150,0.0364956527325,0.00120942532675,0.0316063709305,0.156778114941
17200,0.0401927593424,0.000971921095293,0.0316063709305,0.156778114941
17250,0.0296837782917,0.000589795664214,0.0316063709305,0.156778114941
17300,0.0361756374011,0.000813417680719,0.0316063709305,0.156778114941
17350,0.0548977687622,0.00177896950206,0.0316063709305,0.156778114941
17400,0.0335740689066,0.000642211113573,0.0316063709305,0.156778114941
17450,0.0893606571078,0.00270996112108,0.0316063709305,0.156778114941
17500,0.0366539184337,0.00121474818825,0.0316063709305,0.156778114941
17550,0.0462923599206,0.000945617923969,0.0316063709305,0.156778114941
17600,0.0258613100497,0.00054987362593,0.0316063709305,0.156778114941
17650,0.0351896470193,0.00078854904521,0.0316063709305,0.156778114941
17700,0.0563073647501,0.00177631606528,0.0316063709305,0.156778114941
17750,0.0326657470161,0.000726067609107,0.0316063709305,0.156778114941
17800,0.0893445679342,0.00270949380953,0.0316063709305,0.156778114941
17850,0.0365068294436,0.00120957615414,0.0316063709305,0.156778114941
17900,0.039903501981,0.000739999749544,0.0316063709305,0.156778114941
17950,0.0247117634209,0.000514489948538,0.0316063709305,0.156778114941
18000,0.0335733448056,0.000753488290199,0.0316063709305,0.156778114941
18050,0.0585261298068,0.00177951279388,0.0316063709305,0.156778114941
18100,0.0308103159968,0.000795826198644,0.0316063709305,0.156778114941
18150,0.0892683358579,0.00270609416317,0.0316063709305,0.156778114941
18200,0.0366203067234,0.00121408214174,0.0316063709305,0.156778114941
18250,0.0330168957697,0.000713394137596,0.0316063709305,0.156778114941
18300,0.0234010292355,0.000735666236793,0.0316063709305,0.156778114941
18350,0.0311815942816,0.000704357732533,0.0316063709305,0.156778114941
18400,0.0549030062339,0.00177911616988,0.0316063709305,0.156778114941
18450,0.0352388757365,0.000853194856342,0.0316063709305,0.156778114941
18500,0.0893088898708,0.00270784566811,0.0316063709305,0.156778114941
18550,0.0365234963681,0.00121076543125,0.0316063709305,0.156778114941
18600,0.0495852132871,0.000709369009833,0.0316063709305,0.156778114941
18650,0.0273536773792,0.000512946502736,0.0316063709305,0.156778114941
18700,0.0330265873126,0.000660877410073,0.0316063709305,0.156778114941
18750,0.0548196955378,0.00177587595622,0.0316063709305,0.156778114941
18800,0.039672295716,0.000934768033593,0.0316063709305,0.156778114941
18850,0.0893434017033,0.00270948096218,0.0316063709305,0.156778114941
18900,0.0365214282658,0.00120982866006,0.0316063709305,0.156778114941
18950,0.0391236134981,0.000748528501203,0.0316063709305,0.156778114941
19000,0.0259432574054,0.00123700367563,0.0316063709305,0.156778114941
19050,0.0244776849578,0.000593929636346,0.0316063709305,0.156778114941
19100,0.054860604512,0.00177710547462,0.0316063709305,0.156778114941
19150,0.0402330320581,0.000973715934278,0.0316063709305,0.156778114941
19200,0.0892838725342,0.00270666941136,0.0316063709305,0.156778114941
19250,0.0365503160935,0.00121127846664,0.0316063709305,0.156778114941
19300,0.048456574953,0.000915000701733,0.0316063709305,0.156778114941
19350,0.0335919222843,0.000638602809128,0.0316063709305,0.156778114941
19400,0.021634231117,0.000852496155016,0.0316063709305,0.156778114941
19450,0.0549852977741,0.00178119764311,0.0316063709305,0.156778114941
19500,0.0462908466884,0.000944243217249,0.0316063709305,0.156778114941
19550,0.0893433726658,0.0027093817492,0.0316063709305,0.156778114941
19600,0.0365412859327,0.00121140682851,0.0316063709305,0.156778114941
19650,0.0563008385095,0.00102798569121,0.0316063709305,0.156778114941
19700,0.032669951523,0.000724838174735,0.0316063709305,0.156778114941
19750,0.0225028198062,0.00046989136561,0.0316063709305,0.156778114941
19800,0.0549048479594,0.00177885682955,0.0316063709305,0.156778114941
19850,0.0399066111959,0.00074020985914,0.0316063709305,0.156778114941
19900,0.0893127798263,0.00270752134668,0.0316063709305,0.156778114941
19950,0.036625061622,0.00121417373718,0.0316063709305,0.156778114941
20000,0.0585316139159,0.00109459460102,0.0316063709305,0.156778114941
20050,0.0308225123878,0.000796500435784,0.0316063709305,0.156778114941
20100,0.0251606198034,0.000530313581758,0.0316063709305,0.156778114941
20150,0.0549127120823,0.00177916456909,0.0316063709305,0.156778114941
20200,0.0330163551643,0.000728404033927,0.0316063709305,0.156778114941
20250,0.0893196366934,0.00270830368898,0.0316063709305,0.156778114941
20300,0.0365722867093,0.00121205378977,0.0316063709305,0.156778114941
20350,0.0544368887119,0.00105698769687,0.0316063709305,0.156778114941
20400,0.0352452264297,0.000853406757206,0.0316063709305,0.156778114941
20450,0.0248368256311,0.000551245164196,0.0316063709305,0.156778114941
20500,0.0548730505225,0.001778139796,0.0316063709305,0.156778114941
20550,0.049590832158,0.000647661759788,0.0316063709305,0.156778114941
20600,0.0892950019112,0.00270699477593,0.0316063709305,0.156778114941
20650,0.0365168028189,0.00121060373366,0.0316063709305,0.156778114941
20700,0.0485005169138,0.000961872937771,0.0316063709305,0.156778114941
20750,0.0396405257313,0.000933538374331,0.0316063709305,0.156778114941
20800,0.0307701988523,0.000505307137684,0.0316063709305,0.156778114941
20850,0.0548697464995,0.00177712106434,0.0316063709305,0.156778114941
20900,0.0391121509474,0.000748493703228,0.0316063709305,0.156778114941
20950,0.0892983820262,0.00270729280444,0.0316063709305,0.156778114941
21000,0.0365481747258,0.00121121411695,0.0316063709305,0.156778114941
21050,0.0308867806522,0.000708185268977,0.0316063709305,0.156778114941
21100,0.0402696131596,0.00097544520234,0.0316063709305,0.156778114941
21150,0.0296956811093,0.000590334682534,0.0316063709305,0.156778114941
21200,0.054865024621,0.00177731390941,0.0316063709305,0.156778114941
21250,0.0484604968819,0.000915199133278,0.0316063709305,0.156778114941
21300,0.0892615056617,0.00270562036285,0.0316063709305,0.156778114941
21350,0.0365539596367,0.00121149276478,0.0316063709305,0.156778114941
21400,0.0310011908218,0.000711286000261,0.0316063709305,0.156778114941
21450,0.0462879736177,0.000943379689888,0.0316063709305,0.156778114941
21500,0.0257980826425,0.00054928256689,0.0316063709305,0.156778114941
21550,0.0549913551246,0.0017812399672,0.0316063709305,0.156778114941
21600,0.0562963833341,0.00102773279342,0.0316063709305,0.156778114941
21650,0.0893321094036,0.00270886965854,0.0316063709305,0.156778114941
21700,0.0364939342653,0.00120972835811,0.0316063709305,0.156778114941
21750,0.0310000816633,0.000710150774629,0.0316063709305,0.156778114941
21800,0.0399102550636,0.000740464549417,0.0316063709305,0.156778114941
21850,0.0247704438389,0.000505195141322,0.0316063709305,0.156778114941
21900,0.0549257954351,0.00177854591162,0.0316063709305,0.156778114941
21950,0.058535374318,0.00109479644724,0.0316063709305,0.156778114941
22000,0.0893379474242,0.00270897796379,0.0316063709305,0.156778114941
22050,0.0365568240084,0.00121160315485,0.0316063709305,0.156778114941
22100,0.0309563388691,0.000710083146857,0.0316063709305,0.156778114941
22150,0.0330135344228,0.000578083042248,0.0316063709305,0.156778114941
22200,0.0233662362278,0.000485165144745,0.0316063709305,0.156778114941
22250,0.0549058748489,0.00177871581634,0.0316063709305,0.156778114941
22300,0.0544394950878,0.00105709372392,0.0316063709305,0.156778114941
22350,0.0893182961141,0.00270823549618,0.0316063709305,0.156778114941
22400,0.0365389077398,0.00121080653969,0.0316063709305,0.156778114941
22450,0.0321591555277,0.000711351341287,0.0316063709305,0.156778114941
22500,0.0495975939654,0.00103452979315,0.0316063709305,0.156778114941
22550,0.0274205100582,0.000509754276426,0.0316063709305,0.156778114941
22600,0.0548706862228,0.00177814602252,0.0316063709305,0.156778114941
22650,0.0484931010931,0.00100029841543,0.0316063709305,0.156778114941
22700,0.0893165721038,0.00270856443227,0.0316063709305,0.156778114941
22750,0.0365887696151,0.00121310649596,0.0316063709305,0.156778114941
22800,0.0358076140385,0.000786493422038,0.0316063709305,0.156778114941
22850,0.0391012902352,0.000748401688299,0.0316063709305,0.156778114941
22900,0.0259342202558,0.000504164862244,0.0316063709305,0.156778114941
22950,0.0549181709942,0.00177882762612,0.0316063709305,0.156778114941
23000,0.0247946563343,0.000645338984613,0.0316063709305,0.156778114941
23050,0.0893442080276,0.00270945288806,0.0316063709305,0.156778114941
23100,0.0365820175733,0.00121198629451,0.0316063709305,0.156778114941
23150,0.0361705226083,0.000813318807027,0.0316063709305,0.156778114941
23200,0.0484651274376,0.00091542905018,0.0316063709305,0.156778114941
23250,0.0336071940967,0.000638904508664,0.0316063709305,0.156778114941
23300,0.0549257263117,0.00177945996021,0.0316063709305,0.156778114941
23350,0.0247707043298,0.000899462832976,0.0316063709305,0.156778114941
23400,0.08924957771,0.00270481827086,0.0316063709305,0.156778114941
23450,0.0365666591448,0.00121207224957,0.0316063709305,0.156778114941
23500,0.0352022280099,0.000789132058756,0.0316063709305,0.156778114941
23550,0.0562915117937,0.00102749438813,0.0316063709305,0.156778114941
23600,0.0327141906506,0.00072285947764,0.0316063709305,0.156778114941
23650,0.0548705899571,0.00177814219299,0.0316063709305,0.156778114941
23700,0.0248392337198,0.000644816000017,0.0316063709305,0.156778114941
23750,0.0893317512773,0.00270848253644,0.0316063709305,0.156778114941
23800,0.0364832584573,0.00120939860255,0.0316063709305,0.156778114941
23850,0.0335561922237,0.00115649404006,0.0316063709305,0.156778114941
23900,0.0585356136506,0.00109485467299,0.0316063709305,0.156778114941
23950,0.0308248349863,0.000796809100884,0.0316063709305,0.156778114941
24000,0.0549029302316,0.00177820051612,0.0316063709305,0.156778114941
24050,0.0324474552357,0.000645837994756,0.0316063709305,0.156778114941
24100,0.0893391019047,0.00270926818753,0.0316063709305,0.156778114941
24150,0.0366376393304,0.00121378783145,0.0316063709305,0.156778114941
24200,0.0311926712547,0.000712363844194,0.0316063709305,0.156778114941
24250,0.0544445241039,0.001057330889,0.0316063709305,0.156778114941
24300,0.0352812977491,0.000854867992082,0.0316063709305,0.156778114941
24350,0.0549065520227,0.00177857146498,0.0316063709305,0.156778114941
24400,0.032155419896,0.000665324073402,0.0316063709305,0.156778114941
24450,0.0893143298456,0.00270766720482,0.0316063709305,0.156778114941
24500,0.0365679857447,0.00121207971336,0.0316063709305,0.156778114941
24550,0.0309842203858,0.000710884418905,0.0316063709305,0.156778114941
24600,0.0484846804628,0.000961094082977,0.0316063709305,0.156778114941
24650,0.0395684028689,0.000930535534464,0.0316063709305,0.156778114941
24700,0.0549745169479,0.00178122019908,0.0316063709305,0.156778114941
24750,0.0358082249942,0.000786426725439,0.0316063709305,0.156778114941
24800,0.0893039457152,0.0027077768409,0.0316063709305,0.156778114941
24850,0.036489547268,0.00120967778189,0.0316063709305,0.156778114941
24900,0.0310410893822,0.000710972766947,0.0316063709305,0.156778114941
24950,0.0183893209389,0.000514735532116,0.0316063709305,0.156778114941
25000,0.0403208582519,0.000978127775817,0.0316063709305,0.156778114941
25050,0.0549329965161,0.00177916784003,0.0316063709305,0.156778114941
25100,0.0361663945349,0.000813141626203,0.0316063709305,0.156778114941
25150,0.0893418331315,0.00270947928293,0.0316063709305,0.156778114941
25200,0.0364797318067,0.00120886119077,0.0316063709305,0.156778114941
25250,0.0309741581006,0.000710107908208,0.0316063709305,0.156778114941
25300,0.0185860459326,0.000839617052549,0.0316063709305,0.156778114941
25350,0.0462798262793,0.000943424383898,0.0316063709305,0.156778114941
25400,0.0548979035023,0.00177931679401,0.0316063709305,0.156778114941
25450,0.0352076271666,0.000789404714173,0.0316063709305,0.156778114941
25500,0.0893441427779,0.00270920248107,0.0316063709305,0.156778114941
25550,0.0365623864053,0.00121164524186,0.0316063709305,0.156778114941
25600,0.0310346369013,0.00102441018333,0.0316063709305,0.156778114941
25650,0.024843672226,0.00051664630798,0.0316063709305,0.156778114941
25700,0.0399176029481,0.000741010012132,0.0316063709305,0.156778114941
25750,0.0548523278843,0.00177756787482,0.0316063709305,0.156778114941
25800,0.0335520481618,0.000858336331543,0.0316063709305,0.156778114941
25850,0.0892879194179,0.00270656303228,0.0316063709305,0.156778114941
25900,0.0364828228941,0.00120946712908,0.0316063709305,0.156778114941
25950,0.0310278061745,0.000710853834467,0.0316063709305,0.156778114941
26000,0.0301476200478,0.000754595930127,0.0316063709305,0.156778114941
26050,0.0330041468164,0.000710507828396,0.0316063709305,0.156778114941
26100,0.0549469031151,0.00178000010381,0.0316063709305,0.156778114941
26150,0.0311943385914,0.000705202753709,0.0316063709305,0.156778114941
26200,0.0893377328006,0.00270889008973,0.0316063709305,0.156778114941
26250,0.0366332213429,0.00121406527617,0.0316063709305,0.156778114941
26300,0.0309673709849,0.000708644866103,0.0316063709305,0.156778114941
26350,0.0321492166221,0.000665610105348,0.0316063709305,0.156778114941
26400,0.0496120713111,0.000886918246567,0.0316063709305,0.156778114941
26450,0.0549262596919,0.00177964199397,0.0316063709305,0.156778114941
26500,0.02945455463,0.00066065370713,0.0316063709305,0.156778114941
26550,0.0892906663181,0.00270688740206,0.0316063709305,0.156778114941
26600,0.0395377611602,0.00121134848299,0.0316063709305,0.156778114941
26650,0.0310453433123,0.000712163476538,0.0316063709305,0.156778114941
26700,0.0358104139948,0.000786457665096,0.0316063709305,0.156778114941
26750,0.0390844609519,0.000748042949312,0.0316063709305,0.156778114941
26800,0.0548335658099,0.00177655398246,0.0316063709305,0.156778114941
26850,0.0247041277174,0.000643246523382,0.0316063709305,0.156778114941
26900,0.089348115731,0.00270919572483,0.0316063709305,0.156778114941
26950,0.0403280836108,0.0012086002685,0.0316063709305,0.156778114941
27000,0.0311082452239,0.000792655897796,0.0316063709305,0.156778114941
27050,0.03616202397,0.000812924346507,0.0316063709305,0.156778114941
27100,0.0484717672625,0.000915843971267,0.0316063709305,0.156778114941
27150,0.0549199389729,0.0017792531247,0.0316063709305,0.156778114941
27200,0.024709764668,0.00064313474224,0.0316063709305,0.156778114941
27250,0.0893362321041,0.00270896424855,0.0316063709305,0.156778114941
27300,0.0462734974525,0.00121243219913,0.0316063709305,0.156778114941
27350,0.0309418129909,0.000707227391761,0.0316063709305,0.156778114941
27400,0.0352126172988,0.00078966885098,0.0316063709305,0.156778114941
27450,0.0562896764539,0.00102729331163,0.0316063709305,0.156778114941
27500,0.0549773972297,0.00178072015787,0.0316063709305,0.156778114941
27550,0.0247039495912,0.000644239992709,0.0316063709305,0.156778114941
27600,0.089334465207,0.00270858611956,0.0316063709305,0.156778114941
27650,0.039920295021,0.0012114382949,0.0316063709305,0.156778114941
27700,0.0309939073554,0.000711218456917,0.0316063709305,0.156778114941
27750,0.0335493241469,0.000752183193084,0.0316063709305,0.156778114941
27800,0.0585288741556,0.00109460789372,0.0316063709305,0.156778114941
27850,0.0549761988876,0.00178105127419,0.0316063709305,0.156778114941
27900,0.0251535591683,0.000647858306915,0.0316063709305,0.156778114941
27950,0.0893494003988,0.00270961479343,0.0316063709305,0.156778114941
28000,0.0364845851482,0.00120901885237,0.0316063709305,0.156778114941
28050,0.0309305019711,0.000709154298595,0.0316063709305,0.156778114941
28100,0.0311937614429,0.000860542470515,0.0316063709305,0.156778114941
28150,0.0544597591182,0.0010580869421,0.0316063709305,0.156778114941
28200,0.0550330008071,0.00178297882132,0.0316063709305,0.156778114941
28250,0.0248282181323,0.000646595613696,0.0316063709305,0.156778114941
28300,0.0893218540606,0.00270856764822,0.0316063709305,0.156778114941
28350,0.0496191645711,0.00121145584379,0.0316063709305,0.156778114941
28400,0.0345192111999,0.000806450047988,0.0316063709305,0.156778114941
28450,0.0292693948467,0.000660805492081,0.0316063709305,0.156778114941
28500,0.0484688283189,0.000960249769339,0.0316063709305,0.156778114941
28550,0.055038264261,0.00178198237696,0.0316063709305,0.156778114941
28600,0.0249181028927,0.0007716647621,0.0316063709305,0.156778114941
28650,0.08940888937,0.00271144247474,0.0316063709305,0.156778114941
28700,0.0390805183298,0.00121374846146,0.0316063709305,0.156778114941
28750,0.0309290156717,0.000709962916435,0.0316063709305,0.156778114941
28800,0.0244579955233,0.000593059293799,0.0316063709305,0.156778114941
28850,0.0329104497793,0.000411143752188,0.0316063709305,0.156778114941
28900,0.0548181146652,0.00177635583096,0.0316063709305,0.156778114941
28950,0.0297321411525,0.000642172815309,0.0316063709305,0.156778114941
29000,0.0892758359494,0.00270645068459,0.0316063709305,0.156778114941
29050,0.0484728084008,0.00121319787712,0.0316063709305,0.156778114941
29100,0.0335685884475,0.000711872308955,0.0316063709305,0.156778114941
29150,0.0216215711894,0.000513530003285,0.0316063709305,0.156778114941
29200,0.0185765128446,0.000435765198761,0.0316063709305,0.156778114941
29250,0.0548820426194,0.00177787992058,0.0316063709305,0.156778114941
29300,0.0256913835516,0.000647541662585,0.0316063709305,0.156778114941
29350,0.0892824564317,0.00270678886318,0.0316063709305,0.156778114941
29400,0.0562912890954,0.00121419885954,0.0316063709305,0.156778114941
29450,0.0328319669909,0.000722184508283,0.0316063709305,0.156778114941
29500,0.0225239755554,0.000516271873756,0.0316063709305,0.156778114941
29550,0.0248467602239,0.00065766876043,0.0316063709305,0.156778114941
29600,0.0549188816141,0.00177896288357,0.0316063709305,0.156778114941
29650,0.0248073742046,0.000644575328346,0.0316063709305,0.156778114941
29700,0.0893300110776,0.00270889467475,0.0316063709305,0.156778114941
29750,0.058521332213,0.00121649915963,0.0316063709305,0.156778114941
29800,0.0310732621147,0.000794682484396,0.0316063709305,0.156778114941
29850,0.0300038995461,0.00058977180529,0.0316063709305,0.156778114941
29900,0.0301544303237,0.000524235327434,0.0316063709305,0.156778114941
29950,0.0548126914002,0.00177581034013,0.0316063709305,0.156778114941
30000,0.0247509346569,0.00064516050792,0.0316063709305,0.156778114941
30050,0.0893480436568,0.00270962159919,0.0316063709305,0.156778114941
30100,0.0544675862956,0.00120825131389,0.0316063709305,0.156778114941
30150,0.0353600884987,0.000858339151081,0.0316063709305,0.156778114941
30200,0.0248178951779,0.000550530244253,0.0316063709305,0.156778114941
30250,0.0321345447662,0.00066593775657,0.0316063709305,0.156778114941
30300,0.0549443667498,0.00178030357282,0.0316063709305,0.156778114941
30350,0.0335927100904,0.000645817713829,0.0316063709305,0.156778114941
30400,0.0892987535854,0.0027072547957,0.0316063709305,0.156778114941
30450,0.0484630563296,0.00121072838014,0.0316063709305,0.156778114941
30500,0.0395007037083,0.000927211432054,0.0316063709305,0.156778114941
30550,0.0231864106217,0.000517865142151,0.0316063709305,0.156778114941
30600,0.0358190431998,0.000786760288738,0.0316063709305,0.156778114941
30650,0.0549813987838,0.00178102333354,0.0316063709305,0.156778114941
30700,0.0260684284377,0.000643501399164,0.0316063709305,0.156778114941
30750,0.0893373893339,0.00270923339554,0.0316063709305,0.156778114941
30800,0.0365783282523,0.00121226534689,0.0316063709305,0.156778114941
30850,0.0403048743056,0.000978224194173,0.0316063709305,0.156778114941
30900,0.0297379566525,0.0005925707451,0.0316063709305,0.156778114941
30950,0.0361523144869,0.00100246495784,0.0316063709305,0.156778114941
31000,0.0548125561132,0.00177611996991,0.0316063709305,0.156778114941
31050,0.0335441987908,0.000642185088369,0.0316063709305,0.156778114941
31100,0.0893431319583,0.00270938218623,0.0316063709305,0.156778114941
31150,0.0365143691311,0.00120980344707,0.0316063709305,0.156778114941
31200,0.0462648477196,0.000947304144456,0.0316063709305,0.156778114941
31250,0.0256859072721,0.000561350508054,0.0316063709305,0.156778114941
31300,0.0352191572633,0.000790070413312,0.0316063709305,0.156778114941
31350,0.0562949575389,0.00178005911736,0.0316063709305,0.156778114941
31400,0.0328692492793,0.000742527064024,0.0316063709305,0.156778114941
31450,0.0892859193163,0.00270671333113,0.0316063709305,0.156778114941
31500,0.0365617500855,0.00121170441876,0.0316063709305,0.156778114941
31550,0.0399228256813,0.000741472425142,0.0316063709305,0.156778114941
31600,0.0247928054745,0.00051573556064,0.0316063709305,0.156778114941
31650,0.0335492493973,0.000784012039721,0.0316063709305,0.156778114941
31700,0.0585135437461,0.00177709841609,0.0316063709305,0.156778114941
31750,0.0307501852359,0.000793544430618,0.0316063709305,0.156778114941
31800,0.0893378101642,0.00270929884176,0.0316063709305,0.156778114941
31850,0.0380995017226,0.0012130562593,0.0316063709305,0.156778114941
31900,0.03298627388,0.000707944490141,0.0316063709305,0.156778114941
31950,0.0234266618899,0.000640344522031,0.0316063709305,0.156778114941
32000,0.0311873512365,0.0007049558019,0.0316063709305,0.156778114941
32050,0.0548117415366,0.00177592968516,0.0316063709305,0.156778114941
32100,0.0353833609403,0.000859414626524,0.0316063709305,0.156778114941
32150,0.089353353448,0.00270973599962,0.0316063709305,0.156778114941
32200,0.0365298778024,0.00121033771154,0.0316063709305,0.156778114941
32250,0.0496267822746,0.00071105206882,0.0316063709305,0.156778114941
32300,0.0273731189375,0.000513715835323,0.0316063709305,0.156778114941
32350,0.0292799177771,0.000978360943214,0.0316063709305,0.156778114941
32400,0.0549526651311,0.00178077921141,0.0316063709305,0.156778114941
32450,0.0394983165113,0.000926878342756,0.0316063709305,0.156778114941
32500,0.089320309623,0.00270831747562,0.0316063709305,0.156778114941
32550,0.0365306716831,0.00121051830496,0.0316063709305,0.156778114941
32600,0.0390837830897,0.000747427538368,0.0316063709305,0.156778114941
32650,0.0261151036124,0.000516542076714,0.0316063709305,0.156778114941
32700,0.0244479940226,0.000738167860877,0.0316063709305,0.156778114941
32750,0.0548783730525,0.00177837752459,0.0316063709305,0.156778114941
32800,0.0402752172483,0.000977120164677,0.0316063709305,0.156778114941
32850,0.0893255070757,0.00270851064156,0.0316063709305,0.156778114941
32900,0.0366177084921,0.00121375372563,0.0316063709305,0.156778114941
32950,0.0484716036875,0.000916066418997,0.0316063709305,0.156778114941
33000,0.033516896529,0.000638160532263,0.0316063709305,0.156778114941
33050,0.0216247088446,0.000419965261231,0.0316063709305,0.156778114941
33100,0.054907279625,0.00177812041411,0.0316063709305,0.156778114941
33150,0.0462617213022,0.000949153751333,0.0316063709305,0.156778114941
33200,0.0893351999626,0.00270915401741,0.0316063709305,0.156778114941
33250,0.036591851355,0.00121261760397,0.0316063709305,0.156778114941
33300,0.056300640771,0.00102764408379,0.0316063709305,0.156778114941
33350,0.0328984819177,0.000723517873768,0.0316063709305,0.156778114941
33400,0.0225211754905,0.000471117187395,0.0316063709305,0.156778114941
33450,0.0548409784094,0.0017766052334,0.0316063709305,0.156778114941
33500,0.0399213373488,0.000741450258666,0.0316063709305,0.156778114941
33550,0.0893404517526,0.0027092012916,0.0316063709305,0.156778114941
33600,0.0365946589869,0.00121278865322,0.0316063709305,0.156778114941
33650,0.0585044915057,0.00109353871335,0.0316063709305,0.156778114941
33700,0.0307267265706,0.000792412866279,0.0316063709305,0.156778114941
33750,0.0251669301447,0.000530317493175,0.0316063709305,0.156778114941
33800,0.0549280951363,0.00177942006039,0.0316063709305,0.156778114941
33850,0.032981843867,0.000701010965458,0.0316063709305,0.156778114941
33900,0.0893214055046,0.00270800057022,0.0316063709305,0.156778114941
33950,0.0364939347858,0.00120972139669,0.0316063709305,0.156778114941
34000,0.054482135961,0.00105929411873,0.0316063709305,0.156778114941
34050,0.0354012683888,0.000860249884826,0.0316063709305,0.156778114941
34100,0.0248068670185,0.000549952965623,0.0316063709305,0.156778114941
34150,0.0548969082913,0.00177895007594,0.0316063709305,0.156778114941
34200,0.0496273682594,0.00072159479414,0.0316063709305,0.156778114941
34250,0.0893176643194,0.00270802002083,0.0316063709305,0.156778114941
34300,0.0365971020365,0.00121270072386,0.0316063709305,0.156778114941
34350,0.0484596339266,0.000959617892989,0.0316063709305,0.156778114941
34400,0.0395066045667,0.000927007534863,0.0316063709305,0.156778114941
34450,0.0231718854084,0.000507045360203,0.0316063709305,0.156778114941
34500,0.0549265447353,0.00177952709668,0.0316063709305,0.156778114941
34550,0.0390915247179,0.000747280680701,0.0316063709305,0.156778114941
34600,0.0893418933434,0.00270890701926,0.0316063709305,0.156778114941
34650,0.03647146694,0.00120894391576,0.0316063709305,0.156778114941
34700,0.0309821652111,0.000710377583094,0.0316063709305,0.156778114941
34750,0.0402381983102,0.000975597799681,0.0316063709305,0.156778114941
34800,0.0297411734988,0.000592854365272,0.0316063709305,0.156778114941
34850,0.0549130608119,0.00177981236818,0.0316063709305,0.156778114941
34900,0.048468412689,0.000915994432734,0.0316063709305,0.156778114941
34950,0.0893316466805,0.00270868751642,0.0316063709305,0.156778114941
35000,0.0364770706983,0.00120918140196,0.0316063709305,0.156778114941
35050,0.030960347858,0.000708414976104,0.0316063709305,0.156778114941
35100,0.046260948695,0.000951017477999,0.0316063709305,0.156778114941
35150,0.0257087333149,0.000717745717349,0.0316063709305,0.156778114941
35200,0.0549267316615,0.00177998747111,0.0316063709305,0.156778114941
35250,0.0563069726702,0.00102789796938,0.0316063709305,0.156778114941
35300,0.0893307936396,0.00270869611549,0.0316063709305,0.156778114941
35350,0.0365955899667,0.00121304142816,0.0316063709305,0.156778114941
35400,0.0309059929151,0.000708326583986,0.0316063709305,0.156778114941
35450,0.0399198555366,0.000741364237748,0.0316063709305,0.156778114941
35500,0.0247415247999,0.000503975218495,0.0316063709305,0.156778114941
35550,0.0549145745362,0.00177897625791,0.0316063709305,0.156778114941
35600,0.0584964873382,0.00109314285273,0.0316063709305,0.156778114941
35650,0.0893184151886,0.00270787531862,0.0316063709305,0.156778114941
35700,0.0365505609151,0.00121144920737,0.0316063709305,0.156778114941
35750,0.0311557646471,0.000712169007635,0.0316063709305,0.156778114941
35800,0.03297902435,0.000677439548002,0.0316063709305,0.156778114941
35850,0.0234813530075,0.000482414995049,0.0316063709305,0.156778114941
35900,0.0548486180921,0.00177735495411,0.0316063709305,0.156778114941
35950,0.0544864711818,0.00105955361302,0.0316063709305,0.156778114941
36000,0.0893170553099,0.00270831958924,0.0316063709305,0.156778114941
36050,0.0364867248875,0.00120958149008,0.0316063709305,0.156778114941
36100,0.0321168251043,0.000711143869946,0.0316063709305,0.156778114941
36150,0.0496251827719,0.000951499253407,0.0316063709305,0.156778114941
36200,0.0272891225935,0.000511229826977,0.0316063709305,0.156778114941
36250,0.05496755856,0.00178080496448,0.0316063709305,0.156778114941
36300,0.0484606700618,0.000959656362778,0.0316063709305,0.156778114941
36350,0.0893257331441,0.00270850633115,0.0316063709305,0.156778114941
36400,0.0365772553586,0.00121208728245,0.0316063709305,0.156778114941
36450,0.0358318306686,0.0007874926106,0.0316063709305,0.156778114941
36500,0.0391002252613,0.000747198731737,0.0316063709305,0.156778114941
36550,0.0261915847665,0.000506840332236,0.0316063709305,0.156778114941
36600,0.0549237463488,0.00177965479583,0.0316063709305,0.156778114941
36650,0.0246639465112,0.000641842303923,0.0316063709305,0.156778114941
36700,0.089338977162,0.00270877037147,0.0316063709305,0.156778114941
36750,0.0365362632086,0.00121048259261,0.0316063709305,0.156778114941
36800,0.0361453676776,0.000811917244009,0.0316063709305,0.156778114941
36850,0.0484645601442,0.000915861029009,0.0316063709305,0.156778114941
36900,0.0334694256655,0.000637600375976,0.0316063709305,0.156778114941
36950,0.0548399674584,0.00177709947499,0.0316063709305,0.156778114941
37000,0.0247619146669,0.000645128997537,0.0316063709305,0.156778114941
37050,0.0893492057744,0.00270943987344,0.0316063709305,0.156778114941
37100,0.0364698166585,0.00120860353852,0.0316063709305,0.156778114941
37150,0.0352172062336,0.000790093259782,0.0316063709305,0.156778114941
37200,0.0563132901379,0.00102817794069,0.0316063709305,0.156778114941
37250,0.032921766058,0.000725777679839,0.0316063709305,0.156778114941
37300,0.0549435000587,0.00177976799738,0.0316063709305,0.156778114941
37350,0.0248302410899,0.000644572781163,0.0316063709305,0.156778114941
37400,0.0893403142187,0.00270951615521,0.0316063709305,0.156778114941
37450,0.0365538316409,0.0012115946378,0.0316063709305,0.156778114941
37500,0.0335613358274,0.000752577763846,0.0316063709305,0.156778114941
37550,0.058490391786,0.00109282126881,0.0316063709305,0.156778114941
37600,0.0306900971646,0.00079059114812,0.0316063709305,0.156778114941
37650,0.0549044739831,0.00177807219968,0.0316063709305,0.156778114941
37700,0.0301802228011,0.000829149715297,0.0316063709305,0.156778114941
37750,0.0893171693082,0.0027078754123,0.0316063709305,0.156778114941
37800,0.0365633461311,0.00121194886729,0.0316063709305,0.156778114941
37850,0.0347268105336,0.000709561516588,0.0316063709305,0.156778114941
37900,0.0544882106294,0.00105968159329,0.0316063709305,0.156778114941
37950,0.0354105319336,0.000899494490259,0.0316063709305,0.156778114941
38000,0.054955395768,0.00178096195773,0.0316063709305,0.156778114941
38050,0.0321136506815,0.000665388620597,0.0316063709305,0.156778114941
38100,0.0893298351344,0.00270827277208,0.0316063709305,0.156778114941
38150,0.0364583845268,0.00120859641771,0.0316063709305,0.156778114941
38200,0.0309605144723,0.000709410735987,0.0316063709305,0.156778114941
38250,0.0484651937295,0.000959843155105,0.0316063709305,0.156778114941
38300,0.03955153631,0.000928533317326,0.0316063709305,0.156778114941
38350,0.054925450098,0.00177980042861,0.0316063709305,0.156778114941
38400,0.0358345746696,0.000787724886318,0.0316063709305,0.156778114941
38450,0.0893365741484,0.00270910847034,0.0316063709305,0.156778114941
38500,0.0365928139144,0.00121301700335,0.0316063709305,0.156778114941
38550,0.031047292415,0.000712120105012,0.0316063709305,0.156778114941
38600,0.0181095619519,0.000815687116296,0.0316063709305,0.156778114941
38650,0.0401570417419,0.000971978715915,0.0316063709305,0.156778114941
38700,0.0549115822907,0.00177878599241,0.0316063709305,0.156778114941
38750,0.036146241367,0.000811902047724,0.0316063709305,0.156778114941
38800,0.0893506574447,0.00270976122464,0.0316063709305,0.156778114941
38850,0.0364852362258,0.00120926171897,0.0316063709305,0.156778114941
38900,0.0309292027592,0.000708728620211,0.0316063709305,0.156778114941
38950,0.0185697693527,0.00051302385187,0.0316063709305,0.156778114941
39000,0.0462627762298,0.000953936243499,0.0316063709305,0.156778114941
39050,0.0548252136532,0.00177628179474,0.0316063709305,0.156778114941
39100,0.0352136262215,0.000789937249862,0.0316063709305,0.156778114941
39150,0.0893496877967,0.00270972297075,0.0316063709305,0.156778114941
39200,0.0364550571332,0.00120836209709,0.0316063709305,0.156778114941
39250,0.0309996851735,0.000710699852758,0.0316063709305,0.156778114941
39300,0.0248239973931,0.00116054030167,0.0316063709305,0.156778114941
39350,0.0399131395394,0.000740972060865,0.0316063709305,0.156778114941
39400,0.0549034958692,0.00177882076905,0.0316063709305,0.156778114941
39450,0.0335663135611,0.000752847612083,0.0316063709305,0.156778114941
39500,0.0892683474437,0.0027060994966,0.0316063709305,0.156778114941
39550,0.0366187022887,0.00121404218098,0.0316063709305,0.156778114941
39600,0.031075821626,0.000713479946042,0.0316063709305,0.156778114941
39650,0.0301847519951,0.000525797832818,0.0316063709305,0.156778114941
39700,0.0329801417063,0.000578601442212,0.0316063709305,0.156778114941
39750,0.0549030730783,0.00177911843239,0.0316063709305,0.156778114941
39800,0.0311668189954,0.000742474444614,0.0316063709305,0.156778114941
39850,0.089308851605,0.00270784486261,0.0316063709305,0.156778114941
39900,0.0365234859384,0.00121076506998,0.0316063709305,0.156778114941
39950,0.0309403258445,0.000708830082902,0.0316063709305,0.156778114941
40000,0.0321148475769,0.000665051256075,0.0316063709305,0.156778114941
